{
  "freq": "1min",
  "btc_symbol": "BTC",
  "scenario_specs": [
    {
      "name": "optimistic",
      "funding_drag_daily": 0.0,
      "extra_slippage_per_exit": 0.0,
      "notes": "No funding drag"
    },
    {
      "name": "base_case",
      "funding_drag_daily": 0.0001,
      "extra_slippage_per_exit": 0.0,
      "notes": "0.01% daily funding drag"
    },
    {
      "name": "stress",
      "funding_drag_daily": 0.0003,
      "extra_slippage_per_exit": 0.0005,
      "notes": "0.03% daily funding drag + extra slippage per exit"
    }
  ],
  "metrics": {
    "optimistic": {
      "name": "optimistic",
      "total_return": -0.6651271246466846,
      "sharpe": -158.21373771367567,
      "calmar": -1.5034719874508198,
      "max_drawdown": 0.6651271246466846,
      "max_dd_duration_minutes": 875.0,
      "corr_to_btc_returns": 0.03593969612559316,
      "corr_to_btc_equity": 0.8640831675051964
    },
    "base_case": {
      "name": "base_case",
      "total_return": -0.6651516138122869,
      "sharpe": -158.22443467451265,
      "calmar": -1.503416633492843,
      "max_drawdown": 0.6651516138122869,
      "max_dd_duration_minutes": 1052.0,
      "corr_to_btc_returns": 0.03593969655290931,
      "corr_to_btc_equity": 0.8640914389836594
    },
    "stress": {
      "name": "stress",
      "total_return": -0.802281104170437,
      "sharpe": -235.26394663315577,
      "calmar": -1.246445908799018,
      "max_drawdown": 0.802281104170437,
      "max_dd_duration_minutes": 1052.0,
      "corr_to_btc_returns": 0.0359425812936634,
      "corr_to_btc_equity": 0.897889082803182
    }
  },
  "portfolio_return_definition": "sum(returns_matrix[pairs]) per bar; nonzero returns occur at trade exits"
}