{
  "freq": "1min",
  "btc_symbol": "BTC",
  "scenario_specs": [
    {
      "name": "optimistic",
      "funding_drag_daily": 0.0,
      "extra_slippage_per_exit": 0.0,
      "notes": "No funding drag"
    },
    {
      "name": "base_case",
      "funding_drag_daily": 0.0001,
      "extra_slippage_per_exit": 0.0,
      "notes": "0.01% daily funding drag"
    },
    {
      "name": "stress",
      "funding_drag_daily": 0.0003,
      "extra_slippage_per_exit": 0.0005,
      "notes": "0.03% daily funding drag + extra slippage per exit"
    }
  ],
  "metrics": {
    "optimistic": {
      "name": "optimistic",
      "total_return": -0.4986617686538005,
      "sharpe": -91.50691251511563,
      "calmar": -1.9747325260759252,
      "max_drawdown": 0.5063976952803539,
      "max_dd_duration_minutes": 1436.0,
      "corr_to_btc_returns": -0.14268118260751939,
      "corr_to_btc_equity": -0.9461211189959149
    },
    "base_case": {
      "name": "base_case",
      "total_return": -0.4987118895687924,
      "sharpe": -91.52036900471799,
      "calmar": -1.9745524027720014,
      "max_drawdown": 0.5064438900664965,
      "max_dd_duration_minutes": 1439.0,
      "corr_to_btc_returns": -0.14268118268583418,
      "corr_to_btc_equity": -0.9461153238007001
    },
    "stress": {
      "name": "stress",
      "total_return": -0.7560531907248682,
      "sharpe": -188.43400713849678,
      "calmar": -1.322658263026768,
      "max_drawdown": 0.7560531907248682,
      "max_dd_duration_minutes": 1439.0,
      "corr_to_btc_returns": -0.14268086131632488,
      "corr_to_btc_equity": -0.9033272476109754
    }
  },
  "portfolio_return_definition": "sum(returns_matrix[pairs]) per bar; nonzero returns occur at trade exits"
}