pair,expected_hold_bars,actual_hold_bars,ratio,n_trades
PYTH-LINK,213.86275640869914,24.0,0.11222150318747023,1
kBONK-LINK,257.09816773663397,47.5,0.18475433107192743,2
