pair,expected_hold_bars,actual_hold_bars,ratio,n_trades
APT-FIL,267.6655174257343,8.0,0.02988804862479029,1
FET-BCH,257.95698416115926,17.0,0.06590246065746841,1
