pair,expected_hold_bars,actual_hold_bars,ratio,n_trades
ZK-ADA,310.71613131027493,20.0,0.06436743375910663,1
ZK-MORPHO,309.8053198347997,231.0,0.7456295460748648,1
